file,species
fea1d13d6.png,Fat Hen
fef2ade8c.png,Loose Silky-bent
fe29629fb.png,Loose Silky-bent
fea355851.png,Loose Silky-bent
fea3da57c.png,Loose Silky-bent
fe9e87b78.png,Scentless Mayweed
ffc6f8527.png,Common wheat
ff65bc002.png,Charlock
fdea6b119.png,Loose Silky-bent
fda39e16f.png,Loose Silky-bent
fda0b5c38.png,Common wheat
fd925f542.png,Loose Silky-bent
fd87b36ae.png,Loose Silky-bent
fd253a74e.png,Cleavers
fc6f686fb.png,Loose Silky-bent
fa5fd1384.png,Shepherds Purse
fa9f3a8f9.png,Cleavers
fb022edf9.png,Loose Silky-bent
fadc6adbc.png,Charlock
fba8fc78a.png,Loose Silky-bent
f9f35cbd4.png,Fat Hen
fc3e58836.png,Scentless Mayweed
fbf88b6be.png,Charlock
f9ea23fb5.png,Loose Silky-bent
f9b6bfb00.png,Cleavers
f85ed9b6d.png,Cleavers
f8318faf1.png,Scentless Mayweed
f6d250856.png,Scentless Mayweed
f66ae4070.png,Maize
f593c9cf0.png,Loose Silky-bent
f48916a8c.png,Loose Silky-bent
f351ce097.png,Loose Silky-bent
f4234cf4f.png,Loose Silky-bent
f4021df6c.png,Scentless Mayweed
f3fcfff1b.png,Charlock
f445fe6fb.png,Charlock
f4e7733d4.png,Loose Silky-bent
f4caf74f9.png,Charlock
f4ad9d950.png,Loose Silky-bent
f33e9d918.png,Fat Hen
f2dc546ca.png,Cleavers
f25996db8.png,Black-grass
f23faf9c1.png,Loose Silky-bent
f1f7c833f.png,Shepherds Purse
f1e87cba7.png,Loose Silky-bent
ef02b4ee7.png,Loose Silky-bent
ef3e232ad.png,Fat Hen
ef65533d5.png,Loose Silky-bent
ef74dbcad.png,Scentless Mayweed
ef7a5651d.png,Loose Silky-bent
eec1079a1.png,Charlock
f0ffa00bd.png,Fat Hen
efe19dc32.png,Charlock
ef9676433.png,Charlock
eef131644.png,Loose Silky-bent
ede6b84b4.png,Cleavers
edfdb4aeb.png,Fat Hen
ec08a5d56.png,Maize
eaf0815e2.png,Fat Hen
e9d48d664.png,Shepherds Purse
e901b0f28.png,Common wheat
e88bf0db9.png,Loose Silky-bent
e783f5a4f.png,Loose Silky-bent
e73e308be.png,Loose Silky-bent
e80a259c5.png,Loose Silky-bent
e82017baa.png,Loose Silky-bent
e9cd91682.png,Common Chickweed
e98e5d1d5.png,Black-grass
e96e57a90.png,Scentless Mayweed
e921021a8.png,Loose Silky-bent
e84464f5a.png,Cleavers
e721c6ac8.png,Loose Silky-bent
e7077322d.png,Shepherds Purse
e6f1211a2.png,Loose Silky-bent
e4a76885b.png,Maize
e478c452c.png,Fat Hen
e5064f6be.png,Loose Silky-bent
e4d5ec761.png,Loose Silky-bent
e5297b675.png,Loose Silky-bent
e52493d0b.png,Loose Silky-bent
e5e3dccff.png,Common wheat
e5881dd33.png,Loose Silky-bent
e5368474f.png,Maize
e471f1d3a.png,Charlock
e3f50adfc.png,Cleavers
e1abb4ff9.png,Loose Silky-bent
e1a0e3202.png,Loose Silky-bent
e19ad6ac9.png,Charlock
e19673dc9.png,Charlock
e1809cef2.png,Loose Silky-bent
e15fce4f2.png,Scentless Mayweed
e15472085.png,Maize
e14afa235.png,Common wheat
dce2f6612.png,Common Chickweed
dcd7ff249.png,Loose Silky-bent
dc55449b2.png,Loose Silky-bent
dd5ec63d9.png,Black-grass
dd9f36df7.png,Maize
de0b79659.png,Fat Hen
e0ec5b6a1.png,Black-grass
dfb1d9012.png,Loose Silky-bent
df7cb5f87.png,Fat Hen
df521c0c0.png,Loose Silky-bent
df11d56a7.png,Loose Silky-bent
dc4cd56a3.png,Loose Silky-bent
dabea05f4.png,Loose Silky-bent
dabe3e5be.png,Fat Hen
da9ef7858.png,Charlock
da713c465.png,Loose Silky-bent
da5255450.png,Maize
da231c97f.png,Scentless Mayweed
da4ed3a28.png,Charlock
d9c50616e.png,Common wheat
d6d31dcbe.png,Loose Silky-bent
d6c8c3c48.png,Fat Hen
d7017f701.png,Loose Silky-bent
d689256be.png,Fat Hen
d6d80a321.png,Scentless Mayweed
d84d37a61.png,Loose Silky-bent
d93c7ab6d.png,Loose Silky-bent
d8f4923f8.png,Loose Silky-bent
d89db156f.png,Loose Silky-bent
d668409ff.png,Loose Silky-bent
d5f7dd60a.png,Loose Silky-bent
d563be369.png,Loose Silky-bent
d515398fd.png,Loose Silky-bent
d2f422ccb.png,Common Chickweed
d14aa43f3.png,Fat Hen
d2f0f326e.png,Common wheat
d3331e071.png,Loose Silky-bent
d102e1a15.png,Cleavers
d2fd9df40.png,Loose Silky-bent
d488a4fe1.png,Common wheat
d41d87796.png,Fat Hen
d350a25fa.png,Common Chickweed
d17f48d3b.png,Maize
d0cdc768f.png,Common wheat
d09d24c58.png,Loose Silky-bent
d09275360.png,Loose Silky-bent
d01873fdd.png,Loose Silky-bent
d0152bd7c.png,Black-grass
cfd8165e9.png,Charlock
cfb18d262.png,Scentless Mayweed
cd6adba97.png,Black-grass
ce42adffb.png,Loose Silky-bent
ce15eee52.png,Charlock
cec5bf198.png,Loose Silky-bent
ce3d280eb.png,Loose Silky-bent
cd5f0db1c.png,Fat Hen
cf90fc52d.png,Maize
cf46d09c5.png,Maize
cf3a8b2fd.png,Loose Silky-bent
cc74feadc.png,Black-grass
cc3d2a59a.png,Common wheat
cbe761896.png,Charlock
cbba27d89.png,Shepherds Purse
cb76a7766.png,Loose Silky-bent
cb496f36e.png,Loose Silky-bent
cae684f8f.png,Charlock
cadab6616.png,Shepherds Purse
c832e4302.png,Black-grass
c7b07431e.png,Loose Silky-bent
c75a82234.png,Loose Silky-bent
c7051c902.png,Common Chickweed
c74c5b7fc.png,Cleavers
c7ae30f3a.png,Fat Hen
caa2fbd79.png,Common Chickweed
c8f50f0c3.png,Common wheat
c88ebfb47.png,Loose Silky-bent
c85ef220d.png,Common Chickweed
c7eb96871.png,Common wheat
c6c8d4ba0.png,Loose Silky-bent
c6b76307d.png,Cleavers
c64370a72.png,Loose Silky-bent
c63da993b.png,Black-grass
c60e91e07.png,Loose Silky-bent
c5e88cd42.png,Common Chickweed
c0f5d9ac8.png,Loose Silky-bent
c10ccbd82.png,Scentless Mayweed
c1ecff98b.png,Loose Silky-bent
c26ccf73c.png,Loose Silky-bent
c10db7ae2.png,Maize
c5e419015.png,Common Chickweed
c5078bac5.png,Loose Silky-bent
c50335991.png,Loose Silky-bent
c0d9e170b.png,Black-grass
c4ed8ed38.png,Charlock
c35efa095.png,Loose Silky-bent
c2de6020a.png,Black-grass
c0bc3997b.png,Black-grass
c06e7c748.png,Scentless Mayweed
c069fc3fa.png,Loose Silky-bent
c0461776c.png,Common Chickweed
bffc08672.png,Scentless Mayweed
bfab3e3d0.png,Loose Silky-bent
bf66b9cd2.png,Maize
bd789d151.png,Common Chickweed
be341dbdc.png,Loose Silky-bent
bea23d9f8.png,Shepherds Purse
beebe5f4e.png,Maize
bebcaab66.png,Loose Silky-bent
be2499cf4.png,Common wheat
bf3924a57.png,Loose Silky-bent
bdde957ec.png,Shepherds Purse
bd72d4d8a.png,Maize
bb7621cb3.png,Loose Silky-bent
bb64660b7.png,Black-grass
bb20fce02.png,Scentless Mayweed
bb1d1bfd3.png,Charlock
bb1c84bbc.png,Loose Silky-bent
b7192c70f.png,Common wheat
b7a7f6390.png,Loose Silky-bent
b828443ff.png,Scentless Mayweed
b7ad92859.png,Scentless Mayweed
b6f3d8b5d.png,Loose Silky-bent
b9062c1c8.png,Loose Silky-bent
ba3ce6b3e.png,Loose Silky-bent
b98327bf4.png,Scentless Mayweed
b944a49ca.png,Loose Silky-bent
b6a3f7876.png,Loose Silky-bent
b687160f5.png,Maize
b5c7fd009.png,Loose Silky-bent
b62dca166.png,Loose Silky-bent
b573b7a56.png,Loose Silky-bent
b341d0aab.png,Fat Hen
b39c71707.png,Maize
b31292706.png,Common Chickweed
b30ab4659.png,Cleavers
b3d6fdb80.png,Fat Hen
b3e08b037.png,Cleavers
b4f7c9214.png,Loose Silky-bent
b47691c08.png,Scentless Mayweed
b4c3df835.png,Shepherds Purse
b29339405.png,Loose Silky-bent
b2706e2b3.png,Common wheat
b215531dd.png,Cleavers
b1cd2a91e.png,Cleavers
b145ba9d4.png,Scentless Mayweed
b130a0632.png,Cleavers
b0acaff4a.png,Loose Silky-bent
b03397525.png,Loose Silky-bent
ad12382d4.png,Loose Silky-bent
adb7a032c.png,Loose Silky-bent
ac75d3326.png,Loose Silky-bent
ace8761dd.png,Common Chickweed
ae90f2827.png,Fat Hen
acdb75e00.png,Loose Silky-bent
b026bf8ca.png,Loose Silky-bent
afcf6abd5.png,Loose Silky-bent
afa446484.png,Black-grass
af45e222a.png,Scentless Mayweed
aee6fa3df.png,Loose Silky-bent
aecfaed64.png,Maize
ac3193f78.png,Maize
abf8b0772.png,Loose Silky-bent
abc331628.png,Common wheat
ab35453cb.png,Cleavers
ab0f67743.png,Loose Silky-bent
aaf4da98f.png,Common wheat
aad8375e0.png,Cleavers
a85fc8c9a.png,Black-grass
a8da9c08d.png,Charlock
a8de7c1b7.png,Loose Silky-bent
a8c8a1db0.png,Maize
a8b431a3e.png,Loose Silky-bent
a890ac088.png,Charlock
aa7d098d1.png,Fat Hen
a9d2eab61.png,Loose Silky-bent
a93f940d6.png,Scentless Mayweed
a935ca110.png,Loose Silky-bent
a85b48a95.png,Shepherds Purse
a8388a37f.png,Loose Silky-bent
a83820a2c.png,Black-grass
a800caead.png,Loose Silky-bent
a7bd7cadb.png,Loose Silky-bent
a74d475c2.png,Fat Hen
a74bf916d.png,Scentless Mayweed
a35fd6fbb.png,Common Chickweed
a3b375b34.png,Loose Silky-bent
a4b61a4ea.png,Black-grass
a38b8a581.png,Fat Hen
a3d0031fd.png,Loose Silky-bent
a2d25b4f3.png,Loose Silky-bent
a5db42f7d.png,Maize
a55d26a4c.png,Common Chickweed
a544fc46d.png,Scentless Mayweed
a2c89c367.png,Charlock
a2b703e21.png,Fat Hen
a276c65f7.png,Loose Silky-bent
a254d71f6.png,Loose Silky-bent
a1e0a6c02.png,Cleavers
a1da8be3c.png,Maize
a19c3faca.png,Scentless Mayweed
9d3cb4745.png,Common wheat
9d79a1f0c.png,Fat Hen
9fab816f2.png,Black-grass
a006a475c.png,Shepherds Purse
a060c1cf8.png,Maize
9df3275da.png,Maize
a169b71e7.png,Cleavers
a0f37c726.png,Black-grass
a0b393945.png,Loose Silky-bent
9cce7328c.png,Loose Silky-bent
9c8b08a24.png,Loose Silky-bent
9c777333d.png,Maize
9c32a797e.png,Common wheat
9c0c5b731.png,Loose Silky-bent
98062cd87.png,Maize
99569b224.png,Loose Silky-bent
99036c51d.png,Loose Silky-bent
995c7ab1e.png,Black-grass
9baf94467.png,Common wheat
9b9911f20.png,Fat Hen
9b4800b42.png,Charlock
98d819587.png,Maize
98da6ef4e.png,Black-grass
9aa5587fe.png,Loose Silky-bent
9a3f20121.png,Loose Silky-bent
97b2f0a10.png,Fat Hen
97844bfd5.png,Cleavers
976e4e079.png,Loose Silky-bent
974959ec1.png,Common wheat
96f14d90c.png,Loose Silky-bent
96ecad7a1.png,Black-grass
958bb9e96.png,Charlock
9516e56c4.png,Loose Silky-bent
953496deb.png,Fat Hen
963544aa0.png,Loose Silky-bent
93d76fd5d.png,Fat Hen
9326bda1b.png,Fat Hen
969a851be.png,Scentless Mayweed
966ae5ad9.png,Loose Silky-bent
9643fc5f4.png,Charlock
948cdb277.png,Cleavers
93079d970.png,Fat Hen
92292055d.png,Maize
91e469b4a.png,Charlock
90d119d25.png,Fat Hen
90b595f12.png,Common Chickweed
8faadb6a8.png,Loose Silky-bent
8e4eaeec0.png,Fat Hen
8db450ce3.png,Loose Silky-bent
8e2e5604e.png,Common wheat
8dbb8e1b9.png,Cleavers
8d6acbe9b.png,Common Chickweed
8e3ed0a25.png,Black-grass
8f523520c.png,Shepherds Purse
8ece6efec.png,Scentless Mayweed
8e6ec1ca6.png,Loose Silky-bent
8e29abce1.png,Maize
8d6991365.png,Loose Silky-bent
8cfd98117.png,Fat Hen
8cf909eb3.png,Charlock
8cf2e3e6c.png,Common Chickweed
8ca6140ca.png,Loose Silky-bent
8c9953903.png,Loose Silky-bent
892e9d6c6.png,Scentless Mayweed
8ab8a958b.png,Common wheat
8a4d3a1b1.png,Loose Silky-bent
8a8d6c712.png,Cleavers
8a30b2de3.png,Loose Silky-bent
897e5a8de.png,Common wheat
8c98a6e9b.png,Loose Silky-bent
8bc0261c9.png,Loose Silky-bent
8b9144917.png,Black-grass
8b27bfd2b.png,Loose Silky-bent
8b043093d.png,Loose Silky-bent
8a32d0bfa.png,Loose Silky-bent
8916793ce.png,Fat Hen
88d8a4508.png,Common wheat
88ac6df54.png,Loose Silky-bent
8874bba69.png,Loose Silky-bent
87f627bf9.png,Maize
87608f7aa.png,Charlock
86f08e6d1.png,Loose Silky-bent
86c309150.png,Common wheat
85431c075.png,Loose Silky-bent
855955aaf.png,Fat Hen
851c90831.png,Loose Silky-bent
856f2910a.png,Fat Hen
8455169fe.png,Common wheat
837ac0270.png,Shepherds Purse
866be78b0.png,Common Chickweed
86676d627.png,Loose Silky-bent
862b8e7a0.png,Loose Silky-bent
8585f9718.png,Loose Silky-bent
835dc5447.png,Loose Silky-bent
8311740de.png,Loose Silky-bent
8303b27ed.png,Loose Silky-bent
8301b0547.png,Charlock
82b5f4d33.png,Shepherds Purse
827279bad.png,Fat Hen
808cf55c6.png,Cleavers
808578ed5.png,Cleavers
7f9e9565d.png,Fat Hen
7fdb7202d.png,Common wheat
80e299ae9.png,Cleavers
809eb0b82.png,Charlock
8170d33c1.png,Maize
824f5d4e5.png,Loose Silky-bent
8104422bb.png,Maize
800a8c17e.png,Loose Silky-bent
7f46a71db.png,Black-grass
7f31c7f42.png,Loose Silky-bent
7e9cf1c46.png,Scentless Mayweed
7d4cd07ad.png,Fat Hen
7d3045fc3.png,Loose Silky-bent
7d22abf91.png,Scentless Mayweed
7a38416be.png,Charlock
79fba50db.png,Fat Hen
79d93bc96.png,Loose Silky-bent
79dafec17.png,Loose Silky-bent
7b52585da.png,Loose Silky-bent
79e5ea8fa.png,Common wheat
7cabd68cc.png,Loose Silky-bent
7beb2766f.png,Shepherds Purse
7c85b0265.png,Loose Silky-bent
7b21ba6ba.png,Fat Hen
78c5fba1d.png,Fat Hen
78b1bf91a.png,Loose Silky-bent
78750e0ff.png,Charlock
785a73ab8.png,Maize
780defa2e.png,Fat Hen
780bd2a2c.png,Loose Silky-bent
77ccb8b2a.png,Loose Silky-bent
7615e52d3.png,Cleavers
7691014a1.png,Charlock
75cb95e91.png,Charlock
76dbd1054.png,Loose Silky-bent
76555b064.png,Loose Silky-bent
770a265f5.png,Loose Silky-bent
7696badea.png,Loose Silky-bent
752101fdf.png,Loose Silky-bent
756dd5070.png,Fat Hen
754b1adf8.png,Fat Hen
73260a4ee.png,Fat Hen
74d810f87.png,Loose Silky-bent
728eabae1.png,Charlock
721b2c47a.png,Common wheat
721be0a4a.png,Loose Silky-bent
71f5323c5.png,Loose Silky-bent
7506c0c02.png,Scentless Mayweed
74fd477eb.png,Fat Hen
74068643d.png,Loose Silky-bent
71e73a8a0.png,Fat Hen
71b232519.png,Loose Silky-bent
71334c634.png,Shepherds Purse
6c874918c.png,Loose Silky-bent
6da892be6.png,Cleavers
6df8e31ea.png,Charlock
6db684fff.png,Scentless Mayweed
6be169e41.png,Cleavers
6dd095129.png,Common Chickweed
711b46fba.png,Shepherds Purse
6edc76e7c.png,Scentless Mayweed
6edb96d45.png,Cleavers
6d6eb3830.png,Scentless Mayweed
6bce55e05.png,Scentless Mayweed
6ba4ef411.png,Common wheat
6b9d6f8c9.png,Loose Silky-bent
6b721f68e.png,Loose Silky-bent
6a47821f9.png,Loose Silky-bent
6a41bf95b.png,Scentless Mayweed
6680836dd.png,Loose Silky-bent
67ce3eaa6.png,Loose Silky-bent
664194d19.png,Loose Silky-bent
67e185673.png,Black-grass
668c1007c.png,Charlock
66ab0e8d0.png,Charlock
69d1669f8.png,Charlock
699d3c707.png,Loose Silky-bent
6982a9d30.png,Fat Hen
6908fb540.png,Loose Silky-bent
686dc7ec8.png,Loose Silky-bent
675ec1b0b.png,Black-grass
65e97117e.png,Loose Silky-bent
65e262a6d.png,Charlock
65d08b894.png,Common wheat
659412b1a.png,Loose Silky-bent
65489944f.png,Shepherds Purse
653193c1a.png,Common wheat
60fea2ef6.png,Loose Silky-bent
61b044411.png,Loose Silky-bent
61dd2cdc5.png,Common wheat
615d2b0a9.png,Loose Silky-bent
618de3d7a.png,Charlock
632156793.png,Cleavers
64fe8beb9.png,Fat Hen
647689543.png,Loose Silky-bent
63c07d340.png,Common wheat
60f0bc617.png,Fat Hen
60ee66ddd.png,Cleavers
604dd663f.png,Shepherds Purse
606647f64.png,Common Chickweed
6049234e6.png,Loose Silky-bent
5ca2687a4.png,Shepherds Purse
5bc6595f6.png,Maize
5c3cd7ea2.png,Fat Hen
5bd71f445.png,Fat Hen
5dcad9a53.png,Loose Silky-bent
5ca0205f9.png,Charlock
5f04aed97.png,Black-grass
5ee9d0a5b.png,Loose Silky-bent
5eb9c26a6.png,Loose Silky-bent
5e6a237f2.png,Loose Silky-bent
5bdcfa329.png,Loose Silky-bent
5bbc0a255.png,Black-grass
5b63dcc21.png,Fat Hen
5b3beec58.png,Loose Silky-bent
59b2c6f2b.png,Fat Hen
599c82eea.png,Loose Silky-bent
59c6a9f95.png,Scentless Mayweed
59e1cea8d.png,Cleavers
59f62ad1d.png,Loose Silky-bent
599691cd9.png,Black-grass
5b3000b9a.png,Maize
5af1d74ee.png,Common wheat
5a6bf96f6.png,Maize
5a38ac566.png,Loose Silky-bent
593896f83.png,Maize
59358cd44.png,Loose Silky-bent
592cc5b89.png,Loose Silky-bent
592473c83.png,Loose Silky-bent
590f5aea6.png,Charlock
589e643b8.png,Maize
5883b423d.png,Fat Hen
5817b766d.png,Shepherds Purse
55920f07f.png,Maize
55251925f.png,Loose Silky-bent
558aa7deb.png,Loose Silky-bent
54c8bb900.png,Charlock
55fed435f.png,Shepherds Purse
55a852f40.png,Maize
56a01b835.png,Cleavers
5779fe8b4.png,Loose Silky-bent
56112b92c.png,Fat Hen
550a8b7e6.png,Loose Silky-bent
54b3afd58.png,Common wheat
53e6e9000.png,Common wheat
53ceb4657.png,Fat Hen
539961189.png,Loose Silky-bent
534e74d83.png,Shepherds Purse
50de8a115.png,Scentless Mayweed
521b27a17.png,Loose Silky-bent
502dff972.png,Fat Hen
506347cfe.png,Scentless Mayweed
523e5505c.png,Common wheat
4f83143e1.png,Maize
5315c2dca.png,Loose Silky-bent
52dc7a4d6.png,Loose Silky-bent
52a87abe5.png,Loose Silky-bent
5296835a0.png,Black-grass
4f44ca525.png,Black-grass
4ea7493d5.png,Fat Hen
4e9d3765f.png,Charlock
4e69d100a.png,Black-grass
4e18ab737.png,Cleavers
4e1190d78.png,Loose Silky-bent
4b155fb07.png,Maize
4bcdaa5e2.png,Cleavers
4b032563b.png,Scentless Mayweed
4a337a4a9.png,Fat Hen
4bbfd1e05.png,Cleavers
4bbf1f6ea.png,Fat Hen
4c8005bbc.png,Loose Silky-bent
4c7838de4.png,Fat Hen
4c5ab9b68.png,Cleavers
4ac29bbf0.png,Loose Silky-bent
490c4f9c8.png,Black-grass
48ef6a2ff.png,Common wheat
48d97c645.png,Loose Silky-bent
486e59179.png,Common Chickweed
4823c3ffa.png,Loose Silky-bent
47b7d8e17.png,Black-grass
444473900.png,Loose Silky-bent
46c14fde2.png,Loose Silky-bent
446f7da01.png,Loose Silky-bent
456d507c0.png,Cleavers
44e8b8833.png,Loose Silky-bent
48231e475.png,Scentless Mayweed
47f9e5d91.png,Common Chickweed
466bb6d3b.png,Maize
43ede9de9.png,Charlock
4392d93cf.png,Loose Silky-bent
429211ee6.png,Loose Silky-bent
42e7ed442.png,Shepherds Purse
4287d810c.png,Maize
3fbf1a417.png,Cleavers
406ecb5c5.png,Charlock
3f92d8039.png,Loose Silky-bent
4049a6ea6.png,Loose Silky-bent
3fbd0fc6a.png,Common Chickweed
3f826b318.png,Loose Silky-bent
41f1c3cdb.png,Black-grass
41e07778c.png,Cleavers
410e6f702.png,Loose Silky-bent
406162ef9.png,Charlock
3f64c2c1b.png,Common wheat
3efa1f66c.png,Loose Silky-bent
3eebd36c6.png,Charlock
3edf5e9ef.png,Loose Silky-bent
3dd52bd2a.png,Loose Silky-bent
3da774107.png,Loose Silky-bent
3b73c3b61.png,Loose Silky-bent
3d67c434b.png,Fat Hen
3d65168c2.png,Fat Hen
3bbef3ecb.png,Fat Hen
3eda9cbb6.png,Fat Hen
3ebbe9ca4.png,Charlock
3e9f41817.png,Loose Silky-bent
3d38a87bc.png,Loose Silky-bent
3abb502fb.png,Loose Silky-bent
3a909ead8.png,Black-grass
39d569be4.png,Loose Silky-bent
39c8fde99.png,Loose Silky-bent
39b740f7e.png,Loose Silky-bent
37297a64c.png,Common Chickweed
37e545a60.png,Loose Silky-bent
36ed4f215.png,Fat Hen
377283a21.png,Maize
3827436f3.png,Fat Hen
37c3108d6.png,Maize
39858776a.png,Cleavers
391dcd7fd.png,Loose Silky-bent
38c054379.png,Black-grass
37714071b.png,Shepherds Purse
36d62bf36.png,Common wheat
36839d5e9.png,Scentless Mayweed
35ebe165c.png,Loose Silky-bent
35cf9fa01.png,Shepherds Purse
31f3dd81f.png,Loose Silky-bent
3281183f9.png,Loose Silky-bent
32c86784b.png,Common Chickweed
33317fc2a.png,Black-grass
32b42c120.png,Loose Silky-bent
35a90f8d0.png,Black-grass
3526b05cc.png,Scentless Mayweed
34dd57ca9.png,Loose Silky-bent
32a8c8a1d.png,Loose Silky-bent
338c7e907.png,Charlock
33748968f.png,Cleavers
33448fe39.png,Loose Silky-bent
31fcdc161.png,Maize
3185294c8.png,Loose Silky-bent
30ad31220.png,Charlock
2ff5cb348.png,Loose Silky-bent
2f246d688.png,Fat Hen
2f0004a7f.png,Common wheat
2d5058a59.png,Loose Silky-bent
2b55a2da2.png,Charlock
2a5064f19.png,Common wheat
2a667e099.png,Loose Silky-bent
2bd74d2da.png,Loose Silky-bent
2ea664465.png,Loose Silky-bent
2e86f1085.png,Fat Hen
2df78338c.png,Maize
29f49cd0b.png,Loose Silky-bent
2dd5cfba9.png,Shepherds Purse
2d9c798f9.png,Loose Silky-bent
2d992d1fb.png,Loose Silky-bent
29ce426a1.png,Maize
29bab7cad.png,Scentless Mayweed
288564c76.png,Loose Silky-bent
279df95f2.png,Black-grass
270b939cf.png,Fat Hen
26e7ae885.png,Fat Hen
26852751a.png,Charlock
2693e5c65.png,Maize
258b1183c.png,Cleavers
24dbc3b21.png,Loose Silky-bent
248436078.png,Cleavers
24d36c52c.png,Loose Silky-bent
24d78df74.png,Loose Silky-bent
24c94a6ca.png,Loose Silky-bent
25fa8d109.png,Common wheat
25cf6eb73.png,Scentless Mayweed
25a4c427e.png,Loose Silky-bent
24a058589.png,Charlock
241e6935a.png,Loose Silky-bent
2406d6c99.png,Maize
23e480e64.png,Scentless Mayweed
23bc8ec4f.png,Common Chickweed
239bdf640.png,Cleavers
22fbf13d6.png,Loose Silky-bent
20f983a71.png,Loose Silky-bent
20ea96bcc.png,Loose Silky-bent
20817c846.png,Scentless Mayweed
205df1df3.png,Fat Hen
20e562fd5.png,Loose Silky-bent
1fefb54b7.png,Loose Silky-bent
22e79540f.png,Cleavers
223e4af09.png,Cleavers
219fd68d5.png,Scentless Mayweed
2126dc71b.png,Loose Silky-bent
1f5e5554e.png,Scentless Mayweed
1f3f44563.png,Maize
1f290e016.png,Scentless Mayweed
1e095a7e1.png,Loose Silky-bent
1dc7c45df.png,Loose Silky-bent
1d56351b2.png,Common Chickweed
1c680883c.png,Loose Silky-bent
1c52ea820.png,Common wheat
19fdf19fb.png,Common wheat
1b6a6494d.png,Loose Silky-bent
1b490196c.png,Shepherds Purse
1bf9b94a6.png,Fat Hen
1d48b7564.png,Loose Silky-bent
1d321253f.png,Fat Hen
1d0cbd819.png,Loose Silky-bent
1cfd91582.png,Charlock
1be0713da.png,Cleavers
19e58cc5e.png,Common Chickweed
19618ad6a.png,Loose Silky-bent
19b51843a.png,Maize
177d7e2a4.png,Black-grass
17a78fb44.png,Common wheat
17529c555.png,Shepherds Purse
17d5e5ac4.png,Loose Silky-bent
1758a1baf.png,Loose Silky-bent
172f9b10b.png,Loose Silky-bent
1926e82fd.png,Loose Silky-bent
187668bde.png,Shepherds Purse
1821eb11a.png,Scentless Mayweed
16fd2e01a.png,Black-grass
1694a70e4.png,Scentless Mayweed
165681fd9.png,Cleavers
16467a950.png,Loose Silky-bent
1376f3b63.png,Loose Silky-bent
13b9fa92d.png,Loose Silky-bent
1459e96a0.png,Cleavers
1312065a5.png,Black-grass
16357b436.png,Loose Silky-bent
1623fb9e1.png,Loose Silky-bent
1541bdb2e.png,Maize
126a71ce0.png,Charlock
1364b297a.png,Cleavers
14bb43eee.png,Common wheat
148bbda66.png,Charlock
12625488b.png,Loose Silky-bent
11d3f68ff.png,Loose Silky-bent
122913909.png,Maize
1191ba346.png,Cleavers
116b136de.png,Fat Hen
115f93ecc.png,Loose Silky-bent
0d117d910.png,Fat Hen
0d31e6602.png,Maize
0dba99002.png,Loose Silky-bent
0e8492cb1.png,Fat Hen
0caeda5df.png,Common wheat
0ebf8f2f4.png,Maize
0f6cbe5e8.png,Maize
0fb233ad6.png,Maize
0ee4ad224.png,Shepherds Purse
0c5f6c493.png,Loose Silky-bent
0c51bf229.png,Maize
0c45ace27.png,Fat Hen
0c4199daa.png,Loose Silky-bent
089ad62a7.png,Common Chickweed
0885e7690.png,Shepherds Purse
0911d3dee.png,Maize
08d591441.png,Fat Hen
0c27cf05f.png,Loose Silky-bent
0bf7bfb05.png,Loose Silky-bent
0ae6668fa.png,Loose Silky-bent
085974290.png,Maize
07e62f903.png,Maize
0ad9e7dfb.png,Scentless Mayweed
0a64e3e6c.png,Loose Silky-bent
099b961ec.png,Shepherds Purse
0751c0bbc.png,Loose Silky-bent
063363305.png,Fat Hen
071cb3ece.png,Loose Silky-bent
06d12f6fa.png,Scentless Mayweed
04814f36d.png,Scentless Mayweed
03e322a29.png,Scentless Mayweed
043449b0b.png,Loose Silky-bent
05341a8a6.png,Scentless Mayweed
060450d79.png,Loose Silky-bent
03ef36742.png,Loose Silky-bent
0625f063b.png,Loose Silky-bent
060f1dc84.png,Cleavers
0437393b1.png,Loose Silky-bent
03a2ee656.png,Fat Hen
03566743d.png,Common Chickweed
00ef713a8.png,Loose Silky-bent
00d090cde.png,Loose Silky-bent
0086a6340.png,Common Chickweed
0021e90e4.png,Loose Silky-bent
007b3da8b.png,Loose Silky-bent
00c47e980.png,Black-grass
003d61042.png,Loose Silky-bent
02cfeb38d.png,Loose Silky-bent
026716f9b.png,Loose Silky-bent
01291174f.png,Loose Silky-bent
